{
  "navigationBarTitleText": "我要下单",
  "usingComponents": {
    "van-field": "/vant-weapp/dist/field/index",
    "van-radio": "/vant-weapp/dist/radio/index",
    "van-radio-group": "/vant-weapp/dist/radio-group/index",
    "van-cell": "/vant-weapp/dist/cell/index",
    "van-cell-group": "/vant-weapp/dist/cell-group/index",
    "van-button": "/vant-weapp/dist/button/index",
    "van-popup": "/vant-weapp/dist/popup/index",
    "van-picker": "/vant-weapp/dist/picker/index",
    "van-datetime-picker": "/vant-weapp/dist/datetime-picker/index",
    "van-submit-bar": "/vant-weapp/dist/submit-bar/index",
    "van-row": "/vant-weapp/dist/row/index",
    "van-col": "/vant-weapp/dist/col/index",
    "van-tab": "/vant-weapp/dist/tab/index",
    "van-tabs": "/vant-weapp/dist/tabs/index",
    "calendar": "../../components/calendar/calendar",
    "date-picker": "../../components/date-picker/date-picker"
  }
}