{
  "usingComponents": {
    "van-field": "/vant-weapp/dist/field/index",
    "van-button": "/vant-weapp/dist/button/index",
    "van-tab": "/vant-weapp/dist/tab/index",
    "van-tabs": "/vant-weapp/dist/tabs/index",
    "van-card": "/vant-weapp/dist/card/index",
    "van-swipe-cell": "/vant-weapp/dist/swipe-cell/index",
    "van-cell": "/vant-weapp/dist/cell/index",
    "van-cell-group": "/vant-weapp/dist/cell-group/index",
    "van-dialog": "/vant-weapp/dist/dialog/index"
  },
  "navigationBarTitleText": "banner图"
}